,0,1,2,3,4,5,6,7,8,9,10,11,12,13,14,15,16,17,18,19,20,21,22,23,24,25,26,27,28,29,30,31,32,33,34,35,36,37,38,39,40,41,42,43,44,45,46,47,48,49,50,51,52,53,54,55,56,57,58,59,60,61,62,63,64,65,66,67,68,69,70,71,72
0,Class of 2013 - Audiotree Live Version,Class of 2013,I Bet on Losing Dogs,Your Best American Girl,Two Slow Dancers,Pearl Diver,I Want You,Last Words of a Shooting Star,A Burning Hill,Crack Baby,Once More to See You,Shame,Pink in the Night,Bag of Bones,Liquid Smooth,Liquid Smooth - Audiotree Live Version,I Will,"Because Dreaming Costs Money, My Dear",I Guess,Circle,There's Nothing Left for You,Working for the Knife,Humpty,Wife,Square,"Valentine, Texas",A Pearl,Thursday Girl,Eric,I Don't Smoke,Come into the Water,Texas Reznikoff,Nobody,Fireworks,Heat Lightning,First Love / Late Spring,"Goodbye, My Danish Sweetheart",Remember My Name,Why Didn't You Stop Me?,Should've Been Me,Door,A Horse Named Cold Air,Abbey,Stay Soft,Geyser,Washing Machine Heart,Old Friend,Carry Me Out,Happy,That's Our Lamp,Jobless Monday,Blue Light,Francis Forever,Cop Car,Real Men,Everyone,The Only Heartbreaker,Dan the Dancer,Brand New City,Lonesome Love,Me and My Husband,Drunk Walk Home,A Loving Feeling,Love Me More,My Body's Made of Crushed Little Stars,Townie,Strawberry Blond,,,,,,
1,Last Words of a Shooting Star,I Bet on Losing Dogs,Class of 2013,Nobody,Your Best American Girl,Happy,First Love / Late Spring,Francis Forever,Brand New City,A Burning Hill,I Don't Smoke,A Pearl,Washing Machine Heart,Me and My Husband,Crack Baby,"Goodbye, My Danish Sweetheart",Pink in the Night,Why Didn't You Stop Me?,Wife,Townie,Susie Save Your Love,Eric,Liquid Smooth,Texas Reznikoff,I Want You,,,,,,,,,,,,,,,,,,,,,,,,,,,,,,,,,,,,,,,,,,,,,,,,
2,Class of 2013 - Audiotree Live Version,Class of 2013,Square,"Goodbye, My Danish Sweetheart",Square (Solo Piano Version),I Will,Last Words of a Shooting Star,Bag of Bones,There's Nothing Left for You,A Burning Hill,A Pearl,Wife,I Don't Smoke,Carry Me Out,Two Slow Dancers,Real Men,Humpty,My Body's Made of Crushed Little Stars,"Valentine, Texas","Because Dreaming Costs Money, My Dear",Liquid Smooth,First Love / Late Spring,I Bet on Losing Dogs,Pearl Diver,Your Best American Girl,I Want You,Drunk Walk Home,Fireworks,That's Our Lamp,Pink in the Night,Love Me More,Remember My Name,Heat Lightning,Why Didn't You Stop Me?,Once More to See You,Jobless Monday,Geyser,Texas Reznikoff,Circle,Happy,Should've Been Me,Shame,Abbey,Francis Forever,Old Friend,Cop Car,Come into the Water,Me and My Husband,Blue Light,Brand New City,Washing Machine Heart,A Loving Feeling,Nobody,Working for the Knife,Lonesome Love,Townie,Strawberry Blond,The Only Heartbreaker,Stay Soft,,,,,,,,,,,,,,
3,A Burning Hill,Class of 2013 - Audiotree Live Version,Class of 2013,Two Slow Dancers,I Bet on Losing Dogs,Eric,"Because Dreaming Costs Money, My Dear",Liquid Smooth - Audiotree Live Version,Liquid Smooth,First Love / Late Spring,Francis Forever,Square,Shame,Happy,I Want You,Wife,Carry Me Out,There's Nothing Left for You,Last Words of a Shooting Star,Pearl Diver - Audiotree Live Version,Pearl Diver,Nobody,Humpty,Brand New City,Real Men,My Body's Made of Crushed Little Stars,I Guess,Your Best American Girl,Door,Thursday Girl,Drunk Walk Home,Crack Baby,Jobless Monday,I Don't Smoke,A Pearl,Geyser,I Will,Love Me More,Once More to See You,Fireworks,"Goodbye, My Danish Sweetheart",Everyone,Washing Machine Heart,Me and My Husband,A Horse Named Cold Air,Bag of Bones,"Valentine, Texas",Abbey,Circle,Townie,Stay Soft,Should've Been Me,Pink in the Night,Working for the Knife,Blue Light,Old Friend,Remember My Name,The Only Heartbreaker,Heat Lightning,A Loving Feeling,Texas Reznikoff,Come into the Water,Why Didn't You Stop Me?,That's Our Lamp,Lonesome Love,Strawberry Blond,,,,,,,
4,I Bet on Losing Dogs,"Because Dreaming Costs Money, My Dear",Your Best American Girl,I Will,Class of 2013 - Audiotree Live Version,Two Slow Dancers,Last Words of a Shooting Star,Drunk Walk Home,Once More to See You,I Don't Smoke,I Want You,I Guess,Door,A Burning Hill,Bag of Bones,Me and My Husband,Strawberry Blond,Dan the Dancer,Real Men,There's Nothing Left for You,Texas Reznikoff,Happy,Wife,First Love/Late Spring,Liquid Smooth,Abbey,Pearl Diver,My Body's Made of Crushed Little Stars,Washing Machine Heart,Humpty,Crack Baby,A Pearl,Everyone,Old Friend,Square,"Valentine, Texas",Francis Forever,A Loving Feeling,Circle,Fireworks,Eric,Brand New City,Shame,A Horse Named Cold Air,Working for the Knife,Carry Me Out,Jobless Monday,Thursday Girl,Remember My Name,Nobody,Why Didn't You Stop Me?,Townie,Lonesome Love,Should've Been Me,"Goodbye, My Danish Sweetheart",That's Our Lamp,Heat Lightning,Pink in the Night,The Only Heartbreaker,Love Me More,Blue Light,Stay Soft,Come into the Water,,,,,,,,,,
5,Carry Me Out,Class of 2013,Two Slow Dancers,A Burning Hill,I Bet on Losing Dogs,Last Words of a Shooting Star,Bag of Bones,Your Best American Girl,Door,Texas Reznikoff,Heat Lightning,I Don't Smoke,Pink in the Night,Come into the Water,"Because Dreaming Costs Money, My Dear",Square (Solo Piano Version),Thursday Girl,Circle,Wife,Liquid Smooth,Shame,Once More to See You,Humpty,Square,Crack Baby,Eric,I Want You,"Goodbye, My Danish Sweetheart",Nobody,Fireworks,I Will,Happy,Geyser,"Valentine, Texas",First Love / Late Spring,I Guess,Pearl Diver,A Horse Named Cold Air,Abbey,Real Men,Drunk Walk Home,A Pearl,Old Friend,Francis Forever,There's Nothing Left for You,Working for the Knife,Brand New City,Jobless Monday,Love Me More,Remember My Name,Blue Light,Why Didn't You Stop Me?,Dan the Dancer,Washing Machine Heart,A Loving Feeling,My Body's Made of Crushed Little Stars,Everyone,Lonesome Love,That's Our Lamp,The Only Heartbreaker,Me and My Husband,Should've Been Me,Stay Soft,Strawberry Blond,Townie,,,,,,,,
6,First Love/Late Spring,A Pearl,I Want You,Two Slow Dancers,Nobody,Shame,Liquid Smooth,Your Best American Girl,Class of 2013,Once More to See You,I Bet on Losing Dogs,Fireworks,Square,Humpty,Pearl Diver,Francis Forever,Pink in the Night,Wife,There's Nothing Left for You,Circle,Me and My Husband,Washing Machine Heart,"Because Dreaming Costs Money, My Dear",Bag of Bones,Last Words of a Shooting Star,I Will,Old Friend,Why Didn't You Stop Me?,A Burning Hill,Thursday Girl,Drunk Walk Home,Working for the Knife,Heat Lightning,"Goodbye, My Danish Sweetheart",Love Me More,The Only Heartbreaker,Strawberry Blond,Carry Me Out,Crack Baby,"Valentine, Texas",Brand New City,Abbey,Real Men,Jobless Monday,I Guess,Eric,I Don't Smoke,Should've Been Me,Remember My Name,A Loving Feeling,That's Our Lamp,Townie,Stay Soft,Geyser,Texas Reznikoff,My Body's Made of Crushed Little Stars,Blue Light,Happy,Dan the Dancer,Cop Car,Come into the Water,This Is A Life,,,,,,,,,,,
7,Class of 2013,I Bet on Losing Dogs,Two Slow Dancers,Pearl Diver,Circle,Humpty,Pink in the Night,Wife,"Because Dreaming Costs Money, My Dear",Shame,Bag of Bones,Liquid Smooth,Last Words of a Shooting Star,I Want You,Square,A Burning Hill,Your Best American Girl,There's Nothing Left for You,Crack Baby,Thursday Girl,Eric,Come into the Water,I Don't Smoke,Once More to See You,A Pearl,I Guess,Fireworks,Working for the Knife,Nobody,First Love / Late Spring,I Will,"Goodbye, My Danish Sweetheart",Happy,Remember My Name,Why Didn't You Stop Me?,Love Me More,Door,A Horse Named Cold Air,Abbey,Geyser,Washing Machine Heart,Old Friend,"Valentine, Texas",Texas Reznikoff,Heat Lightning,Everyone,Carry Me Out,Jobless Monday,Blue Light,Francis Forever,Cop Car,Real Men,Dan the Dancer,Brand New City,Lonesome Love,Me and My Husband,Drunk Walk Home,My Body's Made of Crushed Little Stars,A Loving Feeling,That's Our Lamp,The Only Heartbreaker,Should've Been Me,Strawberry Blond,Townie,Stay Soft,,,,,,,,
8,Class of 2013 - Audiotree Live Version,Class of 2013,Two Slow Dancers,Last Words of a Shooting Star,I Bet on Losing Dogs,A Burning Hill,Once More to See You,Wife,I Want You,"Because Dreaming Costs Money, My Dear",Pearl Diver,Bag of Bones,Pink in the Night,Carry Me Out,Liquid Smooth - Audiotree Live Version,Liquid Smooth,First Love / Late Spring,Francis Forever,Abbey,Your Best American Girl,Jobless Monday,Washing Machine Heart,Working for the Knife,I Don't Smoke,Brand New City,Nobody,A Pearl,Me and My Husband,Lonesome Love,Why Didn't You Stop Me?,Townie,Stay Soft,,,,,,,,,,,,,,,,,,,,,,,,,,,,,,,,,,,,,,,,,
9,Crack Baby,I Bet on Losing Dogs,Class of 2013,Drunk Walk Home,Your Best American Girl,Francis Forever,Jobless Monday,Pearl Diver,Real Men,Two Slow Dancers,Circle,Wife,Humpty,Geyser,First Love / Late Spring,A Burning Hill,Last Words of a Shooting Star,"Because Dreaming Costs Money, My Dear",Shame,Bag of Bones,Liquid Smooth,I Want You,Working for the Knife,There's Nothing Left for You,Square,Thursday Girl,Eric,Come into the Water,I Don't Smoke,Once More to See You,A Pearl,I Guess,Nobody,Fireworks,I Will,"Goodbye, My Danish Sweetheart",Happy,Brand New City,Remember My Name,Why Didn't You Stop Me?,Door,A Horse Named Cold Air,Abbey,Old Friend,"Valentine, Texas",Texas Reznikoff,Pink in the Night,Heat Lightning,Everyone,Carry Me Out,Blue Light,Love Me More,Cop Car,Dan the Dancer,My Body's Made of Crushed Little Stars,Lonesome Love,Me and My Husband,A Loving Feeling,That's Our Lamp,The Only Heartbreaker,Should've Been Me,Washing Machine Heart,Townie,Stay Soft,Strawberry Blond,,,,,,,,
10,Last Words of a Shooting Star,A Burning Hill,Class of 2013,I Bet on Losing Dogs,Humpty,Bag of Bones,I Want You,Pearl Diver,"Because Dreaming Costs Money, My Dear",Crack Baby,Carry Me Out,Two Slow Dancers,Wife,A Pearl,Francis Forever,First Love/Late Spring,Your Best American Girl,Eric,I Guess,Happy,Once More to See You,Fireworks,Working for the Knife,Old Friend,Why Didn't You Stop Me?,"Goodbye, My Danish Sweetheart",Square,I Don't Smoke,Shame,Jobless Monday,Brand New City,Drunk Walk Home,My Body's Made of Crushed Little Stars,Townie,Real Men,I Will,Lonesome Love,There's Nothing Left for You,Liquid Smooth,A Loving Feeling,That's Our Lamp,Circle,"Valentine, Texas",Texas Reznikoff,Geyser,Stay Soft,Come into the Water,Remember My Name,Blue Light,Dan the Dancer,Everyone,Nobody,Should've Been Me,Love Me More,Door,Heat Lightning,This Is A Life,Pink in the Night,The Only Heartbreaker,Me and My Husband,Abbey,Strawberry Blond,,,,,,,,,,,
11,Class of 2013,I Bet on Losing Dogs,First Love / Late Spring,Carry Me Out,Heat Lightning,Humpty,Bag of Bones,I Don't Smoke,Pearl Diver,Liquid Smooth,Drunk Walk Home,Your Best American Girl,A Pearl,Wife,I Want You,Two Slow Dancers,There's Nothing Left for You,Pink in the Night,"Valentine, Texas",A Burning Hill,Love Me More,Texas Reznikoff,My Body's Made of Crushed Little Stars,Once More to See You,Last Words of a Shooting Star,Working for the Knife,I Will,Brand New City,Francis Forever,Fireworks,Stay Soft,Should've Been Me,Washing Machine Heart,Me and My Husband,Lonesome Love,A Loving Feeling,Townie,Strawberry Blond,,,,,,,,,,,,,,,,,,,,,,,,,,,,,,,,,,,
12,Bag of Bones,Last Words of a Shooting Star,Two Slow Dancers,"Because Dreaming Costs Money, My Dear",I Bet on Losing Dogs,Class of 2013,Brand New City,Working for the Knife,A Burning Hill,I Guess,I Don't Smoke,I Want You,Eric,Everyone,Crack Baby,Square (Solo Piano Version),Square,My Body's Made of Crushed Little Stars,Humpty,Circle,Pearl Diver,Nobody,Your Best American Girl,Drunk Walk Home,Liquid Smooth,Heat Lightning,There's Nothing Left for You,A Horse Named Cold Air,First Love / Late Spring,Washing Machine Heart,The Only Heartbreaker,Shame (Jammin' Out Solo Version),Shame,Cop Car,Wife,A Pearl,Abbey,Real Men,Jobless Monday,Door,Thursday Girl,Fireworks,A Loving Feeling,Lonesome Love,Once More to See You,Love Me More,"Goodbye, My Danish Sweetheart",Geyser,Me and My Husband,Should've Been Me,Why Didn't You Stop Me?,Remember My Name,Townie,Old Friend,Stay Soft,Blue Light,That's Our Lamp,Happy,Susie Save Your Love,"Valentine, Texas",Come into the Water,Francis Forever,Carry Me Out,Strawberry Blond,Dan the Dancer,Texas Reznikoff,I Will,Pink in the Night,,,,,
13,Two Slow Dancers,Pearl Diver,I Bet on Losing Dogs,Class of 2013,Circle,Humpty,Pink in the Night,Wife,Liquid Smooth,"Because Dreaming Costs Money, My Dear",Shame,Bag of Bones,Last Words of a Shooting Star,I Want You,Square,A Burning Hill,Your Best American Girl,There's Nothing Left for You,Crack Baby,Thursday Girl,Eric,Come into the Water,I Don't Smoke,Once More to See You,A Pearl,I Guess,Fireworks,Real Men,Townie,The Only Heartbreaker,First Love / Late Spring,I Will,Working for the Knife,Nobody,"Goodbye, My Danish Sweetheart",Happy,Remember My Name,Why Didn't You Stop Me?,Door,Abbey,Geyser,Washing Machine Heart,Old Friend,"Valentine, Texas",Texas Reznikoff,Heat Lightning,Everyone,Carry Me Out,Jobless Monday,Blue Light,Francis Forever,Love Me More,Cop Car,Dan the Dancer,Brand New City,Lonesome Love,Me and My Husband,Drunk Walk Home,My Body's Made of Crushed Little Stars,A Loving Feeling,That's Our Lamp,Should've Been Me,Strawberry Blond,Stay Soft,,,,,,,,,
14,I Bet on Losing Dogs,Humpty,"Because Dreaming Costs Money, My Dear",Once More to See You,I Will,Square,Nobody,Class of 2013,I Want You,Pink in the Night,A Burning Hill,Last Words of a Shooting Star,Drunk Walk Home,Blue Light,Two Slow Dancers,Pearl Diver,Circle,Wife,Shame,Bag of Bones,Liquid Smooth,Francis Forever,Your Best American Girl,Crack Baby,I'm a Fool to Want You,Thursday Girl,Eric,Come into the Water,I Don't Smoke,Fireworks,A Pearl,First Love / Late Spring,Carry Me Out,"Goodbye, My Danish Sweetheart",Happy,Remember My Name,Why Didn't You Stop Me?,Door,A Horse Named Cold Air,Abbey,Geyser,Washing Machine Heart,Old Friend,Texas Reznikoff,Jobless Monday,Cop Car,Real Men,Dan the Dancer,Brand New City,Lonesome Love,My Body's Made of Crushed Little Stars,A Loving Feeling,Me and My Husband,Townie,Strawberry Blond,,,,,,,,,,,,,,,,,,
15,Last Words of a Shooting Star,Two Slow Dancers,A Burning Hill,Class of 2013,Pearl Diver,Circle,Humpty,There's Nothing Left for You,Working for the Knife,Carry Me Out,Love Me More,Door,Everyone,"Because Dreaming Costs Money, My Dear",First Love / Late Spring,A Horse Named Cold Air,Happy,Bag of Bones,Wife,I Bet on Losing Dogs,Should've Been Me,The Only Heartbreaker,I Don't Smoke,That's Our Lamp,Pink in the Night,Crack Baby,Once More to See You,Fireworks,Texas Reznikoff,I Will,"Goodbye, My Danish Sweetheart",Nobody,Square,I Guess,Abbey,I Want You,Come into the Water,Francis Forever,Lonesome Love,Jobless Monday,Thursday Girl,Geyser,Drunk Walk Home,Shame,Brand New City,A Pearl,Old Friend,Your Best American Girl,Washing Machine Heart,Eric,Why Didn't You Stop Me?,Stay Soft,A Loving Feeling,Me and My Husband,Liquid Smooth,Remember My Name,My Body's Made of Crushed Little Stars,Real Men,Strawberry Blond,Blue Light,"Valentine, Texas",Heat Lightning,Townie,Dan the Dancer,,,,,,,,,
16,Class of 2013,I Bet on Losing Dogs,Two Slow Dancers,Pearl Diver,Circle,Humpty,Pink in the Night,Wife,"Because Dreaming Costs Money, My Dear",Shame,Bag of Bones,Liquid Smooth,Last Words of a Shooting Star,I Want You,Square,A Burning Hill,Your Best American Girl,There's Nothing Left for You,Crack Baby,Thursday Girl,Eric,Come into the Water,I Don't Smoke,Once More to See You,A Pearl,I Guess,Fireworks,Working for the Knife,Nobody,First Love / Late Spring,I Will,"Goodbye, My Danish Sweetheart",Happy,Remember My Name,Why Didn't You Stop Me?,Love Me More,Door,A Horse Named Cold Air,Abbey,Geyser,Washing Machine Heart,Old Friend,"Valentine, Texas",Texas Reznikoff,Heat Lightning,Everyone,Carry Me Out,Jobless Monday,Blue Light,Francis Forever,Cop Car,Real Men,Dan the Dancer,Brand New City,Lonesome Love,Me and My Husband,Drunk Walk Home,My Body's Made of Crushed Little Stars,A Loving Feeling,That's Our Lamp,The Only Heartbreaker,Should've Been Me,Strawberry Blond,Townie,Stay Soft,,,,,,,,
17,First Love / Late Spring,Class of 2013,Pink in the Night,Francis Forever,Two Slow Dancers,I Want You,Humpty,I Bet on Losing Dogs,Last Words of a Shooting Star,Wife,Your Best American Girl,Thursday Girl,Me and My Husband,"Because Dreaming Costs Money, My Dear",Texas Reznikoff,Once More to See You,Door,Carry Me Out,Come into the Water,Circle,A Burning Hill,I Will,Nobody,Strawberry Blond,Lonesome Love,A Pearl,Bag of Bones,I Don't Smoke,Townie,Drunk Walk Home,Liquid Smooth,Square,Washing Machine Heart,Jobless Monday,Working for the Knife,A Horse Named Cold Air,Why Didn't You Stop Me?,"Goodbye, My Danish Sweetheart",The Only Heartbreaker,Fireworks,Old Friend,Blue Light,There's Nothing Left for You,Geyser,Crack Baby,Real Men,Brand New City,Heat Lightning,Pearl Diver,I Guess,Abbey,Eric,"Valentine, Texas",Shame,Everyone,Remember My Name,That's Our Lamp,Should've Been Me,A Loving Feeling,Love Me More,My Body's Made of Crushed Little Stars,Dan the Dancer,I'm a Fool to Want You,Happy,Susie Save Your Love,Stay Soft,Cop Car,,,,,,
18,Class of 2013 - Audiotree Live Version,Last Words of a Shooting Star - Audiotree Live Version,Last Words of a Shooting Star,Class of 2013,Once More to See You,Pink in the Night,Humpty,A Burning Hill,Two Slow Dancers,Pearl Diver - Audiotree Live Version,Liquid Smooth - Audiotree Live Version,I Don't Smoke - Audiotree Live Version,Pearl Diver,Wife,I Bet on Losing Dogs,Carry Me Out,First Love / Late Spring,Bag of Bones,I Want You,I Will,Crack Baby,A Pearl,Your Best American Girl,Drunk Walk Home,Square (Solo Piano Version),Blue Light,Working for the Knife,Francis Forever,I Don't Smoke,Geyser,Liquid Smooth,"Valentine, Texas",Nobody,"Goodbye, My Danish Sweetheart",The Only Heartbreaker,Heat Lightning,Old Friend,My Body's Made of Crushed Little Stars,Real Men,Me and My Husband,Why Didn't You Stop Me?,Washing Machine Heart,Jobless Monday,Brand New City,Townie,Fireworks,Should've Been Me,Cop Car,Strawberry Blond,Susie Save Your Love,,,,,,,,,,,,,,,,,,,,,,,
19,Last Words of a Shooting Star,A Horse Named Cold Air,Class of 2013,Crack Baby,There's Nothing Left for You,Shame,Shame (Jammin' Out Solo Version),A Burning Hill,First Love / Late Spring,I Guess,Square (Solo Piano Version),Door,My Body's Made of Crushed Little Stars,Geyser,Square,That's Our Lamp,Two Slow Dancers,Nobody,Pearl Diver,Circle,Bag of Bones,"Valentine, Texas",Once More to See You,Eric,Your Best American Girl,Wife,Humpty,Everyone,Texas Reznikoff,Should've Been Me,I Want You,"Because Dreaming Costs Money, My Dear",The Only Heartbreaker,Lonesome Love,Drunk Walk Home,I Bet on Losing Dogs,Heat Lightning,Liquid Smooth,Working for the Knife,"Goodbye, My Danish Sweetheart",Strawberry Blond,A Pearl,I Don't Smoke,Thursday Girl,Abbey,Happy,Jobless Monday,Brand New City,Love Me More,Me and My Husband,A Loving Feeling,Old Friend,Dan the Dancer,Remember My Name,Come into the Water,Fireworks,Stay Soft,Carry Me Out,Blue Light,Real Men,Washing Machine Heart,Pink in the Night,Francis Forever,Why Didn't You Stop Me?,I Will,Townie,,,,,,,
20,Square (Solo Piano Version),Square,I Guess,This Is A Life,I Will,Wife,Geyser,Dan the Dancer,Eric,Last Words of a Shooting Star,Circle,A Loving Feeling,I Don't Smoke,Bag of Bones,"Because Dreaming Costs Money, My Dear",Remember My Name,Between the Breaths,Once More to See You,Love Me More,Two Slow Dancers,Pearl Diver,Shame,Fireworks,Should've Been Me,A Burning Hill,Pink in the Night,Real Men,Humpty,"Goodbye, My Danish Sweetheart",Stay Soft,Francis Forever,Door,Happy,A Pearl,Abbey,That's Our Lamp,I Want You,Townie,Jobless Monday,Cop Car,Blue Light,Drunk Walk Home,Crack Baby,Strawberry Blond,My Body's Made of Crushed Little Stars,Brand New City,Thursday Girl,Liquid Smooth,A Horse Named Cold Air,Old Friend,Glide - cover,Heat Lightning,Everyone,Why Didn't You Stop Me?,There's Nothing Left for You,Class of 2013,Nobody,Working for the Knife,Carry Me Out,First Love / Late Spring,Come into the Water,The Only Heartbreaker,Your Best American Girl,Texas Reznikoff,"Valentine, Texas",I Bet on Losing Dogs,Lonesome Love,Me and My Husband,Washing Machine Heart,Shame (Jammin' Out Solo Version),,,
21,Last Words of a Shooting Star,Crack Baby,Drunk Walk Home,Come into the Water,A Pearl,Class of 2013,Once More to See You,Your Best American Girl,Francis Forever,First Love/Late Spring,Pink in the Night,Nobody,Geyser,Why Didn't You Stop Me?,Stay Soft,A Burning Hill,I Want You,I Bet on Losing Dogs,Two Slow Dancers,Happy,Washing Machine Heart,I Guess,There's Nothing Left for You,Working for the Knife,Liquid Smooth,Brand New City,Carry Me Out,Jobless Monday,Heat Lightning,Me and My Husband,Fireworks,Lonesome Love,Remember My Name,I Don't Smoke,Pearl Diver,Eric,Thursday Girl,Wife,Blue Light,"Because Dreaming Costs Money, My Dear",Humpty,Bag of Bones,Square,That's Our Lamp,I Will,Texas Reznikoff,Townie,Abbey,Should've Been Me,A Horse Named Cold Air,Old Friend,Everyone,My Body's Made of Crushed Little Stars,A Loving Feeling,"Valentine, Texas","Goodbye, My Danish Sweetheart",Door,The Only Heartbreaker,Love Me More,Dan the Dancer,Strawberry Blond,Shame,Circle,Real Men,,,,,,,,,
22,Class of 2013 - Audiotree Live Version,Class of 2013,Wife,Bag of Bones,Abbey,"Because Dreaming Costs Money, My Dear",I Don't Smoke,Happy,I Guess,Nobody,Humpty,Last Words of a Shooting Star,Brand New City,I Bet on Losing Dogs,Drunk Walk Home,Shame (Jammin' Out Solo Version),Pearl Diver,My Body's Made of Crushed Little Stars,Door,Square,Circle,Two Slow Dancers,Square (Solo Piano Version),A Pearl,A Burning Hill,Francis Forever,Washing Machine Heart,Eric,Crack Baby,Once More to See You,Me and My Husband,"Goodbye, My Danish Sweetheart",Lonesome Love,Remember My Name,First Love / Late Spring,Fireworks,Thursday Girl,Real Men,Liquid Smooth,I Want You,Working for the Knife,Geyser,Come into the Water,Working for the Knife,Pink in the Night,Why Didn't You Stop Me?,The Only Heartbreaker,Your Best American Girl,Townie,Jobless Monday,Old Friend,Blue Light,A Loving Feeling,,,,,,,,,,,,,,,,,,,,
23,Pink in the Night,Class of 2013,I Will,Come into the Water,Strawberry Blond,I Want You,Two Slow Dancers,Once More to See You,First Love / Late Spring,Geyser,Old Friend,A Pearl,I Bet on Losing Dogs,Lonesome Love,Your Best American Girl,Francis Forever,Nobody,Last Words of a Shooting Star,Pearl Diver,Love Me More,I Don't Smoke,A Burning Hill,Should've Been Me,Humpty,That's Our Lamp,A Loving Feeling,Bag of Bones,Stay Soft,Everyone,Washing Machine Heart,Me and My Husband,"Valentine, Texas",Happy,Townie,,,,,,,,,,,,,,,,,,,,,,,,,,,,,,,,,,,,,,,
24,I Bet on Losing Dogs,I Don't Smoke - Audiotree Live Version,Last Words of a Shooting Star - Audiotree Live Version,Class of 2013 - Audiotree Live Version,Bag of Bones,I Don't Smoke,Last Words of a Shooting Star,A Burning Hill,Two Slow Dancers,Class of 2013,Humpty,I Want You,Pearl Diver - Audiotree Live Version,Square,Abbey,Wife,Brand New City,Circle,That's Our Lamp,I Guess,Pearl Diver,First Love/Late Spring,A Pearl,"Because Dreaming Costs Money, My Dear",Door,Fireworks,Once More to See You,Your Best American Girl,Pink in the Night,Everyone,Why Didn't You Stop Me?,Liquid Smooth - Audiotree Live Version,Crack Baby,Carry Me Out,Working for the Knife,"Goodbye, My Danish Sweetheart",Drunk Walk Home,Happy,Real Men,Stay Soft,Eric,Jobless Monday,Thursday Girl,Texas Reznikoff,Come into the Water,Love Me More,Should've Been Me,Washing Machine Heart,The Only Heartbreaker,Me and My Husband,Nobody,There's Nothing Left for You,Cop Car,Shame,My Body's Made of Crushed Little Stars,Strawberry Blond,This Is A Life,Townie,A Loving Feeling,Geyser,Remember My Name,Old Friend,Liquid Smooth,A Horse Named Cold Air,Francis Forever,Heat Lightning,Lonesome Love,"Valentine, Texas",Blue Light,Dan the Dancer,Susie Save Your Love,Between the Breaths,I Will
25,"Because Dreaming Costs Money, My Dear",Working for the Knife,Class of 2013 - Audiotree Live Version,Class of 2013,I Bet on Losing Dogs,Two Slow Dancers,A Burning Hill,Carry Me Out,A Pearl,Heat Lightning,Wife,Last Words of a Shooting Star,Pearl Diver,Square,Door,Thursday Girl,First Love/Late Spring,I Want You,Crack Baby,Texas Reznikoff,Humpty,Bag of Bones,Geyser,A Horse Named Cold Air,There's Nothing Left for You,Fireworks,Brand New City,Francis Forever,"Valentine, Texas",Washing Machine Heart,Old Friend,Once More to See You,Drunk Walk Home,Circle,Come into the Water,Why Didn't You Stop Me?,Eric,Remember My Name,Stay Soft,Shame,Lonesome Love,Abbey,Blue Light,I Don't Smoke,Liquid Smooth,Real Men,Your Best American Girl,Dan the Dancer,Jobless Monday,I Will,Me and My Husband,Everyone,Strawberry Blond,Nobody,A Loving Feeling,Happy,My Body's Made of Crushed Little Stars,"Goodbye, My Danish Sweetheart",Townie,Pink in the Night,The Only Heartbreaker,Cop Car,Love Me More,Should've Been Me,I Guess,That's Our Lamp,,,,,,,
26,"Because Dreaming Costs Money, My Dear",Working for the Knife,Class of 2013 - Audiotree Live Version,Class of 2013,I Bet on Losing Dogs,Two Slow Dancers,A Burning Hill,Carry Me Out,A Pearl,Heat Lightning,Wife,Last Words of a Shooting Star,Pearl Diver,Square,Door,Thursday Girl,First Love/Late Spring,I Want You,Crack Baby,Texas Reznikoff,Humpty,Bag of Bones,Geyser,A Horse Named Cold Air,There's Nothing Left for You,Fireworks,Brand New City,Francis Forever,"Valentine, Texas",Washing Machine Heart,Old Friend,Once More to See You,Drunk Walk Home,Circle,Come into the Water,Why Didn't You Stop Me?,Eric,Remember My Name,Stay Soft,Shame,Lonesome Love,Abbey,Blue Light,I Don't Smoke,Liquid Smooth,Real Men,Your Best American Girl,Dan the Dancer,Jobless Monday,I Will,Me and My Husband,Everyone,Strawberry Blond,Nobody,A Loving Feeling,Happy,My Body's Made of Crushed Little Stars,"Goodbye, My Danish Sweetheart",Townie,Pink in the Night,The Only Heartbreaker,Cop Car,Love Me More,Should've Been Me,I Guess,That's Our Lamp,,,,,,,
27,Last Words of a Shooting Star,Crack Baby,Humpty,A Burning Hill,Class of 2013,Fireworks,Liquid Smooth,Eric,Thursday Girl,Happy,Carry Me Out,Circle,A Loving Feeling,Two Slow Dancers,"Because Dreaming Costs Money, My Dear",I Bet on Losing Dogs,A Horse Named Cold Air,First Love/Late Spring,Door,Your Best American Girl,I Want You,Geyser,Francis Forever,Jobless Monday,Abbey,I Don't Smoke,Shame,Bag of Bones,Square,Working for the Knife,A Pearl,There's Nothing Left for You,"Valentine, Texas",Nobody,Stay Soft,Old Friend,Texas Reznikoff,Once More to See You,Real Men,That's Our Lamp,Washing Machine Heart,The Only Heartbreaker,"Goodbye, My Danish Sweetheart",Lonesome Love,Why Didn't You Stop Me?,Should've Been Me,Love Me More,Me and My Husband,Heat Lightning,Drunk Walk Home,Everyone,Brand New City,I Guess,Townie,Strawberry Blond,Blue Light,Remember My Name,Come into the Water,I Will,Dan the Dancer,Pink in the Night,,,,,,,,,,,,
